{
    "AD": {
        "ios3": "AND",
        "phone_code": "376",
        "country_name": "Andorra",
        "currency_code": "EUR",
        "currency_name": "Euro",
        "currency_symbol": "\u20ac",
        "tz_name": "Europe/Andorra",
        "tz_delta": 7200
    },
    "AE": {
        "ios3": "ARE",
        "phone_code": "971",
        "country_name": "United Arab Emirates",
        "currency_code": "AED",
        "currency_name": "UAE Dirham",
        "currency_symbol": "AED",
        "tz_name": "Asia/Dubai",
        "tz_delta": 14400
    },
    "AF": {
        "ios3": "AFG",
        "phone_code": "93",
        "country_name": "Afghanistan",
        "currency_code": "AFN",
        "currency_name": "Afghani",
        "currency_symbol": "\u060b",
        "tz_name": "Asia/Kabul",
        "tz_delta": 16200
    },
    "AG": {
        "ios3": "ATG",
        "phone_code": "1-268",
        "country_name": "Antigua & Barbuda",
        "currency_code": "XCD",
        "currency_name": "East Caribbean Dollar",
        "currency_symbol": "$",
        "tz_name": "America/Antigua",
        "tz_delta": -14400
    },
    "AI": {
        "ios3": "AIA",
        "phone_code": "1-264",
        "country_name": "Anguilla",
        "currency_code": "XCD",
        "currency_name": "East Caribbean Dollar",
        "currency_symbol": "$",
        "tz_name": "America/Anguilla",
        "tz_delta": -14400
    },
    "AL": {
        "ios3": "ALB",
        "phone_code": "355",
        "country_name": "Albania",
        "currency_code": "ALL",
        "currency_name": "Lek",
        "currency_symbol": "Lek",
        "tz_name": "Europe/Tirane",
        "tz_delta": 7200
    },
    "AM": {
        "ios3": "ARM",
        "phone_code": "374",
        "country_name": "Armenia",
        "currency_code": "AMD",
        "currency_name": "Armenian Dram",
        "currency_symbol": "AMD",
        "tz_name": "Asia/Yerevan",
        "tz_delta": 14400
    },
    "AO": {
        "ios3": "AGO",
        "phone_code": "244",
        "country_name": "Angola",
        "currency_code": "AOA",
        "currency_name": "Kwanza",
        "currency_symbol": "AOA",
        "tz_name": "Africa/Luanda",
        "tz_delta": 3600
    },
    "AQ": {
        "ios3": "ATA",
        "phone_code": "672",
        "country_name": "Antarctica",
        "currency_code": "",
        "currency_name": "No universal currency",
        "tz_name": "Antarctica/McMurdo",
        "tz_delta": 43200
    },
    "AR": {
        "ios3": "ARG",
        "phone_code": "54",
        "country_name": "Argentina",
        "currency_code": "ARS",
        "currency_name": "Argentine Peso",
        "currency_symbol": "$",
        "tz_name": "America/Argentina/Buenos_Aires",
        "tz_delta": -10800
    },
    "AS": {
        "ios3": "ASM",
        "phone_code": "1-684",
        "country_name": "American Samoa",
        "currency_code": "USD",
        "currency_name": "US Dollar",
        "currency_symbol": "$",
        "tz_name": "Pacific/Pago_Pago",
        "tz_delta": -39600
    },
    "AT": {
        "ios3": "AUT",
        "phone_code": "43",
        "country_name": "Austria",
        "currency_code": "EUR",
        "currency_name": "Euro",
        "currency_symbol": "\u20ac",
        "tz_name": "Europe/Vienna",
        "tz_delta": 7200
    },
    "AU": {
        "ios3": "AUS",
        "phone_code": "61",
        "country_name": "Australia",
        "currency_code": "AUD",
        "currency_name": "Australian Dollar",
        "currency_symbol": "$",
        "tz_name": "Australia/Lord_Howe",
        "tz_delta": 37800
    },
    "AW": {
        "ios3": "ABW",
        "phone_code": "297",
        "country_name": "Aruba",
        "currency_code": "AWG",
        "currency_name": "Aruban Florin",
        "currency_symbol": "\u0192",
        "tz_name": "America/Aruba",
        "tz_delta": -14400
    },
    "AX": {
        "ios3": "ALA",
        "phone_code": "358",
        "country_name": "\u00c5land Islands",
        "currency_code": "EUR",
        "currency_name": "Euro",
        "currency_symbol": "\u20ac",
        "tz_name": "Europe/Mariehamn",
        "tz_delta": 10800
    },
    "AZ": {
        "ios3": "AZE",
        "phone_code": "994",
        "country_name": "Azerbaijan",
        "currency_code": "AZN",
        "currency_name": "Azerbaijanian Manat",
        "currency_symbol": "\u20bc",
        "tz_name": "Asia/Baku",
        "tz_delta": 14400
    },
    "BA": {
        "ios3": "BIH",
        "phone_code": "387",
        "country_name": "Bosnia",
        "currency_code": "BAM",
        "currency_name": "Convertible Mark",
        "currency_symbol": "KM",
        "tz_name": "Europe/Sarajevo",
        "tz_delta": 7200
    },
    "BB": {
        "ios3": "BRB",
        "phone_code": "1-246",
        "country_name": "Barbados",
        "currency_code": "BBD",
        "currency_name": "Barbados Dollar",
        "currency_symbol": "$",
        "tz_name": "America/Barbados",
        "tz_delta": -14400
    },
    "BD": {
        "ios3": "BGD",
        "phone_code": "880",
        "country_name": "Bangladesh",
        "currency_code": "BDT",
        "currency_name": "Taka",
        "currency_symbol": "BDT",
        "tz_name": "Asia/Dhaka",
        "tz_delta": 21600
    },
    "BE": {
        "ios3": "BEL",
        "phone_code": "32",
        "country_name": "Belgium",
        "currency_code": "EUR",
        "currency_name": "Euro",
        "currency_symbol": "\u20ac",
        "tz_name": "Europe/Brussels",
        "tz_delta": 7200
    },
    "BF": {
        "ios3": "BFA",
        "phone_code": "226",
        "country_name": "Burkina Faso",
        "currency_code": "XOF",
        "currency_name": "CFA Franc BCEAO",
        "currency_symbol": "XOF",
        "tz_name": "Africa/Ouagadougou",
        "tz_delta": 0
    },
    "BG": {
        "ios3": "BGR",
        "phone_code": "359",
        "country_name": "Bulgaria",
        "currency_code": "BGN",
        "currency_name": "Bulgarian Lev",
        "currency_symbol": "\u043b\u0432",
        "tz_name": "Europe/Sofia",
        "tz_delta": 10800
    },
    "BH": {
        "ios3": "BHR",
        "phone_code": "973",
        "country_name": "Bahrain",
        "currency_code": "BHD",
        "currency_name": "Bahraini Dinar",
        "currency_symbol": "BHD",
        "tz_name": "Asia/Bahrain",
        "tz_delta": 10800
    },
    "BI": {
        "ios3": "BDI",
        "phone_code": "257",
        "country_name": "Burundi",
        "currency_code": "BIF",
        "currency_name": "Burundi Franc",
        "currency_symbol": "BIF",
        "tz_name": "Africa/Bujumbura",
        "tz_delta": 7200
    },
    "BJ": {
        "ios3": "BEN",
        "phone_code": "229",
        "country_name": "Benin",
        "currency_code": "XOF",
        "currency_name": "CFA Franc BCEAO",
        "currency_symbol": "XOF",
        "tz_name": "Africa/Porto-Novo",
        "tz_delta": 3600
    },
    "BL": {
        "ios3": "BLM",
        "phone_code": "590",
        "country_name": "St. Barth\u00e9lemy",
        "currency_code": "EUR",
        "currency_name": "Euro",
        "currency_symbol": "\u20ac",
        "tz_name": "America/St_Barthelemy",
        "tz_delta": -14400
    },
    "BM": {
        "ios3": "BMU",
        "phone_code": "1-441",
        "country_name": "Bermuda",
        "currency_code": "BMD",
        "currency_name": "Bermudian Dollar",
        "currency_symbol": "$",
        "tz_name": "Atlantic/Bermuda",
        "tz_delta": -10800
    },
    "BN": {
        "ios3": "BRN",
        "phone_code": "673",
        "country_name": "Brunei",
        "currency_code": "BND",
        "currency_name": "Brunei Dollar",
        "currency_symbol": "$",
        "tz_name": "Asia/Brunei",
        "tz_delta": 28800
    },
    "BO": {
        "ios3": "BOL",
        "phone_code": "591",
        "country_name": "Bolivia",
        "currency_code": "BOV",
        "currency_name": "Mvdol",
        "tz_name": "America/La_Paz",
        "tz_delta": -14400
    },
    "BQ": {
        "ios3": "BES",
        "phone_code": "599",
        "country_name": "Caribbean Netherlands",
        "currency_code": "USD",
        "currency_name": "US Dollar",
        "currency_symbol": "$",
        "tz_name": "America/Kralendijk",
        "tz_delta": -14400
    },
    "BR": {
        "ios3": "BRA",
        "phone_code": "55",
        "country_name": "Brazil",
        "currency_code": "BRL",
        "currency_name": "Brazilian Real",
        "currency_symbol": "R$",
        "tz_name": "America/Noronha",
        "tz_delta": -7200
    },
    "BS": {
        "ios3": "BHS",
        "phone_code": "1-242",
        "country_name": "Bahamas",
        "currency_code": "BSD",
        "currency_name": "Bahamian Dollar",
        "currency_symbol": "$",
        "tz_name": "America/Nassau",
        "tz_delta": -14400
    },
    "BT": {
        "ios3": "BTN",
        "phone_code": "975",
        "country_name": "Bhutan",
        "currency_code": "INR",
        "currency_name": "Indian Rupee",
        "currency_symbol": "\u20b9",
        "tz_name": "Asia/Thimphu",
        "tz_delta": 21600
    },
    "BV": {
        "ios3": "BVT",
        "phone_code": "47",
        "country_name": "Bouvet Island",
        "currency_code": "NOK",
        "currency_name": "Norwegian Krone",
        "currency_symbol": "kr",
        "tz_name": "Antarctica/Troll",
        "tz_delta": 3600
    },
    "BW": {
        "ios3": "BWA",
        "phone_code": "267",
        "country_name": "Botswana",
        "currency_code": "BWP",
        "currency_name": "Pula",
        "currency_symbol": "P",
        "tz_name": "Africa/Gaborone",
        "tz_delta": 7200
    },
    "BY": {
        "ios3": "BLR",
        "phone_code": "375",
        "country_name": "Belarus",
        "currency_code": "BYN",
        "currency_name": "Belarussian Ruble",
        "currency_symbol": "BYN",
        "tz_name": "Europe/Minsk",
        "tz_delta": 10800
    },
    "BZ": {
        "ios3": "BLZ",
        "phone_code": "501",
        "country_name": "Belize",
        "currency_code": "BZD",
        "currency_name": "Belize Dollar",
        "currency_symbol": "BZ$",
        "tz_name": "America/Belize",
        "tz_delta": -21600
    },
    "CA": {
        "ios3": "CAN",
        "phone_code": "1",
        "country_name": "Canada",
        "currency_code": "CAD",
        "currency_name": "Canadian Dollar",
        "currency_symbol": "$",
        "tz_name": "America/St_Johns",
        "tz_delta": -9000
    },
    "CC": {
        "ios3": "CCK",
        "phone_code": "61",
        "country_name": "Cocos (Keeling) Islands",
        "currency_code": "AUD",
        "currency_name": "Australian Dollar",
        "currency_symbol": "$",
        "tz_name": "Indian/Cocos",
        "tz_delta": 23400
    },
    "CD": {
        "ios3": "COD",
        "phone_code": "243",
        "country_name": "Congo - Kinshasa",
        "currency_code": "CDF",
        "currency_name": "Congolese Franc",
        "currency_symbol": "CDF",
        "tz_name": "Africa/Kinshasa",
        "tz_delta": 3600
    },
    "CF": {
        "ios3": "CAF",
        "phone_code": "236",
        "country_name": "Central African Republic",
        "currency_code": "XAF",
        "currency_name": "CFA Franc BEAC",
        "currency_symbol": "XAF",
        "tz_name": "Africa/Bangui",
        "tz_delta": 3600
    },
    "CG": {
        "ios3": "COG",
        "phone_code": "242",
        "country_name": "Congo - Brazzaville",
        "currency_code": "XAF",
        "currency_name": "CFA Franc BEAC",
        "currency_symbol": "XAF",
        "tz_name": "Africa/Brazzaville",
        "tz_delta": 3600
    },
    "CH": {
        "ios3": "CHE",
        "phone_code": "41",
        "country_name": "Switzerland",
        "currency_code": "CHW",
        "currency_name": "WIR Franc",
        "tz_name": "Europe/Zurich",
        "tz_delta": 7200
    },
    "CI": {
        "ios3": "CIV",
        "phone_code": "225",
        "country_name": "C\u00f4te d\u2019Ivoire",
        "currency_code": "XOF",
        "currency_name": "CFA Franc BCEAO",
        "currency_symbol": "XOF",
        "tz_name": "Africa/Abidjan",
        "tz_delta": 0
    },
    "CK": {
        "ios3": "COK",
        "phone_code": "682",
        "country_name": "Cook Islands",
        "currency_code": "NZD",
        "currency_name": "New Zealand Dollar",
        "currency_symbol": "$",
        "tz_name": "Pacific/Rarotonga",
        "tz_delta": -36000
    },
    "CL": {
        "ios3": "CHL",
        "phone_code": "56",
        "country_name": "Chile",
        "currency_code": "CLP",
        "currency_name": "Chilean Peso",
        "currency_symbol": "$",
        "tz_name": "America/Santiago",
        "tz_delta": -14400
    },
    "CM": {
        "ios3": "CMR",
        "phone_code": "237",
        "country_name": "Cameroon",
        "currency_code": "XAF",
        "currency_name": "CFA Franc BEAC",
        "currency_symbol": "XAF",
        "tz_name": "Africa/Douala",
        "tz_delta": 3600
    },
    "CN": {
        "ios3": "CHN",
        "phone_code": "86",
        "country_name": "China",
        "currency_code": "CNY",
        "currency_name": "Yuan Renminbi",
        "currency_symbol": "\u00a5",
        "tz_name": "Asia/Shanghai",
        "tz_delta": 28800
    },
    "CO": {
        "ios3": "COL",
        "phone_code": "57",
        "country_name": "Colombia",
        "currency_code": "COU",
        "currency_name": "Unidad de Valor Real",
        "tz_name": "America/Bogota",
        "tz_delta": -18000
    },
    "CR": {
        "ios3": "CRI",
        "phone_code": "506",
        "country_name": "Costa Rica",
        "currency_code": "CRC",
        "currency_name": "Costa Rican Colon",
        "currency_symbol": "\u20a1",
        "tz_name": "America/Costa_Rica",
        "tz_delta": -21600
    },
    "CU": {
        "ios3": "CUB",
        "phone_code": "53",
        "country_name": "Cuba",
        "currency_code": "CUP",
        "currency_name": "Cuban Peso",
        "currency_symbol": "\u20b1",
        "tz_name": "America/Havana",
        "tz_delta": -14400
    },
    "CV": {
        "ios3": "CPV",
        "phone_code": "238",
        "country_name": "Cape Verde",
        "currency_code": "CVE",
        "currency_name": "Cabo Verde Escudo",
        "currency_symbol": "CVE",
        "tz_name": "Atlantic/Cape_Verde",
        "tz_delta": -3600
    },
    "CW": {
        "ios3": "CUW",
        "phone_code": "599",
        "country_name": "Cura\u00e7ao",
        "currency_code": "ANG",
        "currency_name": "Netherlands Antillean Guilder",
        "currency_symbol": "\u0192",
        "tz_name": "America/Curacao",
        "tz_delta": -14400
    },
    "CX": {
        "ios3": "CXR",
        "phone_code": "61",
        "country_name": "Christmas Island",
        "currency_code": "AUD",
        "currency_name": "Australian Dollar",
        "currency_symbol": "$",
        "tz_name": "Indian/Christmas",
        "tz_delta": 25200
    },
    "CY": {
        "ios3": "CYP",
        "phone_code": "357",
        "country_name": "Cyprus",
        "currency_code": "EUR",
        "currency_name": "Euro",
        "currency_symbol": "\u20ac",
        "tz_name": "Asia/Nicosia",
        "tz_delta": 10800
    },
    "CZ": {
        "ios3": "CZE",
        "phone_code": "420",
        "country_name": "Czechia",
        "currency_code": "CZK",
        "currency_name": "Czech Koruna",
        "currency_symbol": "K\u010d",
        "tz_name": "Europe/Prague",
        "tz_delta": 7200
    },
    "DE": {
        "ios3": "DEU",
        "phone_code": "49",
        "country_name": "Germany",
        "currency_code": "EUR",
        "currency_name": "Euro",
        "currency_symbol": "\u20ac",
        "tz_name": "Europe/Berlin",
        "tz_delta": 7200
    },
    "DJ": {
        "ios3": "DJI",
        "phone_code": "253",
        "country_name": "Djibouti",
        "currency_code": "DJF",
        "currency_name": "Djibouti Franc",
        "currency_symbol": "DJF",
        "tz_name": "Africa/Djibouti",
        "tz_delta": 10800
    },
    "DK": {
        "ios3": "DNK",
        "phone_code": "45",
        "country_name": "Denmark",
        "currency_code": "DKK",
        "currency_name": "Danish Krone",
        "currency_symbol": "kr",
        "tz_name": "Europe/Copenhagen",
        "tz_delta": 7200
    },
    "DM": {
        "ios3": "DMA",
        "phone_code": "1-767",
        "country_name": "Dominica",
        "currency_code": "XCD",
        "currency_name": "East Caribbean Dollar",
        "currency_symbol": "$",
        "tz_name": "America/Dominica",
        "tz_delta": -14400
    },
    "DO": {
        "ios3": "DOM",
        "phone_code": "1-809,1-829,1-849",
        "country_name": "Dominican Republic",
        "currency_code": "DOP",
        "currency_name": "Dominican Peso",
        "currency_symbol": "RD$",
        "tz_name": "America/Santo_Domingo",
        "tz_delta": -14400
    },
    "DZ": {
        "ios3": "DZA",
        "phone_code": "213",
        "country_name": "Algeria",
        "currency_code": "DZD",
        "currency_name": "Algerian Dinar",
        "currency_symbol": "DZD",
        "tz_name": "Africa/Algiers",
        "tz_delta": 3600
    },
    "EC": {
        "ios3": "ECU",
        "phone_code": "593",
        "country_name": "Ecuador",
        "currency_code": "USD",
        "currency_name": "US Dollar",
        "currency_symbol": "$",
        "tz_name": "America/Guayaquil",
        "tz_delta": -18000
    },
    "EE": {
        "ios3": "EST",
        "phone_code": "372",
        "country_name": "Estonia",
        "currency_code": "EUR",
        "currency_name": "Euro",
        "currency_symbol": "\u20ac",
        "tz_name": "Europe/Tallinn",
        "tz_delta": 10800
    },
    "EG": {
        "ios3": "EGY",
        "phone_code": "20",
        "country_name": "Egypt",
        "currency_code": "EGP",
        "currency_name": "Egyptian Pound",
        "currency_symbol": "\u00a3",
        "tz_name": "Africa/Cairo",
        "tz_delta": 10800
    },
    "EH": {
        "ios3": "ESH",
        "phone_code": "212",
        "country_name": "Western Sahara",
        "currency_code": "MAD",
        "currency_name": "Moroccan Dirham",
        "currency_symbol": "MAD",
        "tz_name": "Africa/El_Aaiun",
        "tz_delta": 3600
    },
    "ER": {
        "ios3": "ERI",
        "phone_code": "291",
        "country_name": "Eritrea",
        "currency_code": "ERN",
        "currency_name": "Nakfa",
        "currency_symbol": "ERN",
        "tz_name": "Africa/Asmara",
        "tz_delta": 10800
    },
    "ES": {
        "ios3": "ESP",
        "phone_code": "34",
        "country_name": "Spain",
        "currency_code": "EUR",
        "currency_name": "Euro",
        "currency_symbol": "\u20ac",
        "tz_name": "Europe/Madrid",
        "tz_delta": 7200
    },
    "ET": {
        "ios3": "ETH",
        "phone_code": "251",
        "country_name": "Ethiopia",
        "currency_code": "ETB",
        "currency_name": "Ethiopian Birr",
        "currency_symbol": "ETB",
        "tz_name": "Africa/Addis_Ababa",
        "tz_delta": 10800
    },
    "FI": {
        "ios3": "FIN",
        "phone_code": "358",
        "country_name": "Finland",
        "currency_code": "EUR",
        "currency_name": "Euro",
        "currency_symbol": "\u20ac",
        "tz_name": "Europe/Helsinki",
        "tz_delta": 10800
    },
    "FJ": {
        "ios3": "FJI",
        "phone_code": "679",
        "country_name": "Fiji",
        "currency_code": "FJD",
        "currency_name": "Fiji Dollar",
        "currency_symbol": "$",
        "tz_name": "Pacific/Fiji",
        "tz_delta": 43200
    },
    "FK": {
        "ios3": "FLK",
        "phone_code": "500",
        "country_name": "Falkland Islands",
        "currency_code": "FKP",
        "currency_name": "Falkland Islands Pound",
        "currency_symbol": "\u00a3",
        "tz_name": "Atlantic/Stanley",
        "tz_delta": -10800
    },
    "FM": {
        "ios3": "FSM",
        "phone_code": "691",
        "country_name": "Micronesia",
        "currency_code": "USD",
        "currency_name": "US Dollar",
        "currency_symbol": "$",
        "tz_name": "Pacific/Chuuk",
        "tz_delta": 36000
    },
    "FO": {
        "ios3": "FRO",
        "phone_code": "298",
        "country_name": "Faroe Islands",
        "currency_code": "DKK",
        "currency_name": "Danish Krone",
        "currency_symbol": "kr",
        "tz_name": "Atlantic/Faroe",
        "tz_delta": 3600
    },
    "FR": {
        "ios3": "FRA",
        "phone_code": "33",
        "country_name": "France",
        "currency_code": "EUR",
        "currency_name": "Euro",
        "currency_symbol": "\u20ac",
        "tz_name": "Europe/Paris",
        "tz_delta": 7200
    },
    "GA": {
        "ios3": "GAB",
        "phone_code": "241",
        "country_name": "Gabon",
        "currency_code": "XAF",
        "currency_name": "CFA Franc BEAC",
        "currency_symbol": "XAF",
        "tz_name": "Africa/Libreville",
        "tz_delta": 3600
    },
    "GB": {
        "ios3": "GBR",
        "phone_code": "44",
        "country_name": "UK",
        "currency_code": "GBP",
        "currency_name": "Pound Sterling",
        "currency_symbol": "\u00a3",
        "tz_name": "Europe/London",
        "tz_delta": 3600
    },
    "GD": {
        "ios3": "GRD",
        "phone_code": "1-473",
        "country_name": "Grenada",
        "currency_code": "XCD",
        "currency_name": "East Caribbean Dollar",
        "currency_symbol": "$",
        "tz_name": "America/Grenada",
        "tz_delta": -14400
    },
    "GE": {
        "ios3": "GEO",
        "phone_code": "995",
        "country_name": "Georgia",
        "currency_code": "GEL",
        "currency_name": "Lari",
        "currency_symbol": "\u20be",
        "tz_name": "Asia/Tbilisi",
        "tz_delta": 14400
    },
    "GF": {
        "ios3": "GUF",
        "phone_code": "594",
        "country_name": "French Guiana",
        "currency_code": "EUR",
        "currency_name": "Euro",
        "currency_symbol": "\u20ac",
        "tz_name": "America/Cayenne",
        "tz_delta": -10800
    },
    "GG": {
        "ios3": "GGY",
        "phone_code": "44",
        "country_name": "Guernsey",
        "currency_code": "GBP",
        "currency_name": "Pound Sterling",
        "currency_symbol": "\u00a3",
        "tz_name": "Europe/Guernsey",
        "tz_delta": 3600
    },
    "GH": {
        "ios3": "GHA",
        "phone_code": "233",
        "country_name": "Ghana",
        "currency_code": "GHS",
        "currency_name": "Ghana Cedi",
        "currency_symbol": "GHS",
        "tz_name": "Africa/Accra",
        "tz_delta": 0
    },
    "GI": {
        "ios3": "GIB",
        "phone_code": "350",
        "country_name": "Gibraltar",
        "currency_code": "GIP",
        "currency_name": "Gibraltar Pound",
        "currency_symbol": "\u00a3",
        "tz_name": "Europe/Gibraltar",
        "tz_delta": 7200
    },
    "GL": {
        "ios3": "GRL",
        "phone_code": "299",
        "country_name": "Greenland",
        "currency_code": "DKK",
        "currency_name": "Danish Krone",
        "currency_symbol": "kr",
        "tz_name": "America/Nuuk",
        "tz_delta": -3600
    },
    "GM": {
        "ios3": "GMB",
        "phone_code": "220",
        "country_name": "Gambia",
        "currency_code": "GMD",
        "currency_name": "Dalasi",
        "currency_symbol": "GMD",
        "tz_name": "Africa/Banjul",
        "tz_delta": 0
    },
    "GN": {
        "ios3": "GIN",
        "phone_code": "224",
        "country_name": "Guinea",
        "currency_code": "GNF",
        "currency_name": "Guinea Franc",
        "currency_symbol": "GNF",
        "tz_name": "Africa/Conakry",
        "tz_delta": 0
    },
    "GP": {
        "ios3": "GLP",
        "phone_code": "590",
        "country_name": "Guadeloupe",
        "currency_code": "EUR",
        "currency_name": "Euro",
        "currency_symbol": "\u20ac",
        "tz_name": "America/Guadeloupe",
        "tz_delta": -14400
    },
    "GQ": {
        "ios3": "GNQ",
        "phone_code": "240",
        "country_name": "Equatorial Guinea",
        "currency_code": "XAF",
        "currency_name": "CFA Franc BEAC",
        "currency_symbol": "XAF",
        "tz_name": "Africa/Malabo",
        "tz_delta": 3600
    },
    "GR": {
        "ios3": "GRC",
        "phone_code": "30",
        "country_name": "Greece",
        "currency_code": "EUR",
        "currency_name": "Euro",
        "currency_symbol": "\u20ac",
        "tz_name": "Europe/Athens",
        "tz_delta": 10800
    },
    "GS": {
        "ios3": "SGS",
        "phone_code": "500",
        "country_name": "South Georgia & South Sandwich Islands",
        "currency_code": "",
        "currency_name": "No universal currency",
        "tz_name": "Atlantic/South_Georgia",
        "tz_delta": -7200
    },
    "GT": {
        "ios3": "GTM",
        "phone_code": "502",
        "country_name": "Guatemala",
        "currency_code": "GTQ",
        "currency_name": "Quetzal",
        "currency_symbol": "Q",
        "tz_name": "America/Guatemala",
        "tz_delta": -21600
    },
    "GU": {
        "ios3": "GUM",
        "phone_code": "1-671",
        "country_name": "Guam",
        "currency_code": "USD",
        "currency_name": "US Dollar",
        "currency_symbol": "$",
        "tz_name": "Pacific/Guam",
        "tz_delta": 36000
    },
    "GW": {
        "ios3": "GNB",
        "phone_code": "245",
        "country_name": "Guinea-Bissau",
        "currency_code": "XOF",
        "currency_name": "CFA Franc BCEAO",
        "currency_symbol": "XOF",
        "tz_name": "Africa/Bissau",
        "tz_delta": 0
    },
    "GY": {
        "ios3": "GUY",
        "phone_code": "592",
        "country_name": "Guyana",
        "currency_code": "GYD",
        "currency_name": "Guyana Dollar",
        "currency_symbol": "$",
        "tz_name": "America/Guyana",
        "tz_delta": -14400
    },
    "HK": {
        "ios3": "HKG",
        "phone_code": "852",
        "country_name": "Hong Kong",
        "currency_code": "HKD",
        "currency_name": "Hong Kong Dollar",
        "currency_symbol": "$",
        "tz_name": "Asia/Hong_Kong",
        "tz_delta": 28800
    },
    "HM": {
        "ios3": "HMD",
        "phone_code": "672",
        "country_name": "Heard & McDonald Islands",
        "currency_code": "AUD",
        "currency_name": "Australian Dollar",
        "currency_symbol": "$",
        "tz_name": "Indian/Kerguelen",
        "tz_delta": 18000
    },
    "HN": {
        "ios3": "HND",
        "phone_code": "504",
        "country_name": "Honduras",
        "currency_code": "HNL",
        "currency_name": "Lempira",
        "currency_symbol": "L",
        "tz_name": "America/Tegucigalpa",
        "tz_delta": -21600
    },
    "HR": {
        "ios3": "HRV",
        "phone_code": "385",
        "country_name": "Croatia",
        "currency_code": "HRK",
        "currency_name": "Kuna",
        "currency_symbol": "kn",
        "tz_name": "Europe/Zagreb",
        "tz_delta": 7200
    },
    "HT": {
        "ios3": "HTI",
        "phone_code": "509",
        "country_name": "Haiti",
        "currency_code": "USD",
        "currency_name": "US Dollar",
        "currency_symbol": "$",
        "tz_name": "America/Port-au-Prince",
        "tz_delta": -14400
    },
    "HU": {
        "ios3": "HUN",
        "phone_code": "36",
        "country_name": "Hungary",
        "currency_code": "HUF",
        "currency_name": "Forint",
        "currency_symbol": "Ft",
        "tz_name": "Europe/Budapest",
        "tz_delta": 7200
    },
    "ID": {
        "ios3": "IDN",
        "phone_code": "62",
        "country_name": "Indonesia",
        "currency_code": "IDR",
        "currency_name": "Rupiah",
        "currency_symbol": "Rp",
        "tz_name": "Asia/Jakarta",
        "tz_delta": 25200
    },
    "IE": {
        "ios3": "IRL",
        "phone_code": "353",
        "country_name": "Ireland",
        "currency_code": "EUR",
        "currency_name": "Euro",
        "currency_symbol": "\u20ac",
        "tz_name": "Europe/Dublin",
        "tz_delta": 3600
    },
    "IL": {
        "ios3": "ISR",
        "phone_code": "972",
        "country_name": "Israel",
        "currency_code": "ILS",
        "currency_name": "New Israeli Sheqel",
        "currency_symbol": "\u20aa",
        "tz_name": "Asia/Jerusalem",
        "tz_delta": 10800
    },
    "IM": {
        "ios3": "IMN",
        "phone_code": "44",
        "country_name": "Isle of Man",
        "currency_code": "GBP",
        "currency_name": "Pound Sterling",
        "currency_symbol": "\u00a3",
        "tz_name": "Europe/Isle_of_Man",
        "tz_delta": 3600
    },
    "IN": {
        "ios3": "IND",
        "phone_code": "91",
        "country_name": "India",
        "currency_code": "INR",
        "currency_name": "Indian Rupee",
        "currency_symbol": "\u20b9",
        "tz_name": "Asia/Kolkata",
        "tz_delta": 19800
    },
    "IO": {
        "ios3": "IOT",
        "phone_code": "246",
        "country_name": "British Indian Ocean Territory",
        "currency_code": "USD",
        "currency_name": "US Dollar",
        "currency_symbol": "$",
        "tz_name": "Indian/Chagos",
        "tz_delta": 21600
    },
    "IQ": {
        "ios3": "IRQ",
        "phone_code": "964",
        "country_name": "Iraq",
        "currency_code": "IQD",
        "currency_name": "Iraqi Dinar",
        "currency_symbol": "IQD",
        "tz_name": "Asia/Baghdad",
        "tz_delta": 10800
    },
    "IR": {
        "ios3": "IRN",
        "phone_code": "98",
        "country_name": "Iran",
        "currency_code": "IRR",
        "currency_name": "Iranian Rial",
        "currency_symbol": "\ufdfc",
        "tz_name": "Asia/Tehran",
        "tz_delta": 12600
    },
    "IS": {
        "ios3": "ISL",
        "phone_code": "354",
        "country_name": "Iceland",
        "currency_code": "ISK",
        "currency_name": "Iceland Krona",
        "currency_symbol": "kr",
        "tz_name": "Atlantic/Reykjavik",
        "tz_delta": 0
    },
    "IT": {
        "ios3": "ITA",
        "phone_code": "39",
        "country_name": "Italy",
        "currency_code": "EUR",
        "currency_name": "Euro",
        "currency_symbol": "\u20ac",
        "tz_name": "Europe/Rome",
        "tz_delta": 7200
    },
    "JE": {
        "ios3": "JEY",
        "phone_code": "44",
        "country_name": "Jersey",
        "currency_code": "GBP",
        "currency_name": "Pound Sterling",
        "currency_symbol": "\u00a3",
        "tz_name": "Europe/Jersey",
        "tz_delta": 3600
    },
    "JM": {
        "ios3": "JAM",
        "phone_code": "1-876",
        "country_name": "Jamaica",
        "currency_code": "JMD",
        "currency_name": "Jamaican Dollar",
        "currency_symbol": "J$",
        "tz_name": "America/Jamaica",
        "tz_delta": -18000
    },
    "JO": {
        "ios3": "JOR",
        "phone_code": "962",
        "country_name": "Jordan",
        "currency_code": "JOD",
        "currency_name": "Jordanian Dinar",
        "currency_symbol": "JOD",
        "tz_name": "Asia/Amman",
        "tz_delta": 10800
    },
    "JP": {
        "ios3": "JPN",
        "phone_code": "81",
        "country_name": "Japan",
        "currency_code": "JPY",
        "currency_name": "Yen",
        "currency_symbol": "\u00a5",
        "tz_name": "Asia/Tokyo",
        "tz_delta": 32400
    },
    "KE": {
        "ios3": "KEN",
        "phone_code": "254",
        "country_name": "Kenya",
        "currency_code": "KES",
        "currency_name": "Kenyan Shilling",
        "currency_symbol": "KES",
        "tz_name": "Africa/Nairobi",
        "tz_delta": 10800
    },
    "KG": {
        "ios3": "KGZ",
        "phone_code": "996",
        "country_name": "Kyrgyzstan",
        "currency_code": "KGS",
        "currency_name": "Som",
        "currency_symbol": "\u043b\u0432",
        "tz_name": "Asia/Bishkek",
        "tz_delta": 21600
    },
    "KH": {
        "ios3": "KHM",
        "phone_code": "855",
        "country_name": "Cambodia",
        "currency_code": "KHR",
        "currency_name": "Riel",
        "currency_symbol": "\u17db",
        "tz_name": "Asia/Phnom_Penh",
        "tz_delta": 25200
    },
    "KI": {
        "ios3": "KIR",
        "phone_code": "686",
        "country_name": "Kiribati",
        "currency_code": "AUD",
        "currency_name": "Australian Dollar",
        "currency_symbol": "$",
        "tz_name": "Pacific/Tarawa",
        "tz_delta": 43200
    },
    "KM": {
        "ios3": "COM",
        "phone_code": "269",
        "country_name": "Comoros",
        "currency_code": "KMF",
        "currency_name": "Comoro Franc",
        "currency_symbol": "KMF",
        "tz_name": "Indian/Comoro",
        "tz_delta": 10800
    },
    "KN": {
        "ios3": "KNA",
        "phone_code": "1-869",
        "country_name": "St. Kitts & Nevis",
        "currency_code": "XCD",
        "currency_name": "East Caribbean Dollar",
        "currency_symbol": "$",
        "tz_name": "America/St_Kitts",
        "tz_delta": -14400
    },
    "KP": {
        "ios3": "PRK",
        "phone_code": "850",
        "country_name": "North Korea",
        "currency_code": "KPW",
        "currency_name": "North Korean Won",
        "currency_symbol": "\u20a9",
        "tz_name": "Asia/Pyongyang",
        "tz_delta": 32400
    },
    "KR": {
        "ios3": "KOR",
        "phone_code": "82",
        "country_name": "South Korea",
        "currency_code": "KRW",
        "currency_name": "Won",
        "currency_symbol": "\u20a9",
        "tz_name": "Asia/Seoul",
        "tz_delta": 32400
    },
    "KW": {
        "ios3": "KWT",
        "phone_code": "965",
        "country_name": "Kuwait",
        "currency_code": "KWD",
        "currency_name": "Kuwaiti Dinar",
        "currency_symbol": "KWD",
        "tz_name": "Asia/Kuwait",
        "tz_delta": 10800
    },
    "KY": {
        "ios3": "CYM",
        "phone_code": "1-345",
        "country_name": "Cayman Islands",
        "currency_code": "KYD",
        "currency_name": "Cayman Islands Dollar",
        "currency_symbol": "$",
        "tz_name": "America/Cayman",
        "tz_delta": -18000
    },
    "KZ": {
        "ios3": "KAZ",
        "phone_code": "7",
        "country_name": "Kazakhstan",
        "currency_code": "KZT",
        "currency_name": "Tenge",
        "currency_symbol": "\u043b\u0432",
        "tz_name": "Asia/Almaty",
        "tz_delta": 18000
    },
    "LA": {
        "ios3": "LAO",
        "phone_code": "856",
        "country_name": "Laos",
        "currency_code": "LAK",
        "currency_name": "Kip",
        "currency_symbol": "\u20ad",
        "tz_name": "Asia/Vientiane",
        "tz_delta": 25200
    },
    "LB": {
        "ios3": "LBN",
        "phone_code": "961",
        "country_name": "Lebanon",
        "currency_code": "LBP",
        "currency_name": "Lebanese Pound",
        "currency_symbol": "\u00a3",
        "tz_name": "Asia/Beirut",
        "tz_delta": 10800
    },
    "LC": {
        "ios3": "LCA",
        "phone_code": "1-758",
        "country_name": "St. Lucia",
        "currency_code": "XCD",
        "currency_name": "East Caribbean Dollar",
        "currency_symbol": "$",
        "tz_name": "America/St_Lucia",
        "tz_delta": -14400
    },
    "LI": {
        "ios3": "LIE",
        "phone_code": "423",
        "country_name": "Liechtenstein",
        "currency_code": "CHF",
        "currency_name": "Swiss Franc",
        "currency_symbol": "CHF",
        "tz_name": "Europe/Vaduz",
        "tz_delta": 7200
    },
    "LK": {
        "ios3": "LKA",
        "phone_code": "94",
        "country_name": "Sri Lanka",
        "currency_code": "LKR",
        "currency_name": "Sri Lanka Rupee",
        "currency_symbol": "\u20a8",
        "tz_name": "Asia/Colombo",
        "tz_delta": 19800
    },
    "LR": {
        "ios3": "LBR",
        "phone_code": "231",
        "country_name": "Liberia",
        "currency_code": "LRD",
        "currency_name": "Liberian Dollar",
        "currency_symbol": "$",
        "tz_name": "Africa/Monrovia",
        "tz_delta": 0
    },
    "LS": {
        "ios3": "LSO",
        "phone_code": "266",
        "country_name": "Lesotho",
        "currency_code": "ZAR",
        "currency_name": "Rand",
        "currency_symbol": "R",
        "tz_name": "Africa/Maseru",
        "tz_delta": 7200
    },
    "LT": {
        "ios3": "LTU",
        "phone_code": "370",
        "country_name": "Lithuania",
        "currency_code": "EUR",
        "currency_name": "Euro",
        "currency_symbol": "\u20ac",
        "tz_name": "Europe/Vilnius",
        "tz_delta": 10800
    },
    "LU": {
        "ios3": "LUX",
        "phone_code": "352",
        "country_name": "Luxembourg",
        "currency_code": "EUR",
        "currency_name": "Euro",
        "currency_symbol": "\u20ac",
        "tz_name": "Europe/Luxembourg",
        "tz_delta": 7200
    },
    "LV": {
        "ios3": "LVA",
        "phone_code": "371",
        "country_name": "Latvia",
        "currency_code": "EUR",
        "currency_name": "Euro",
        "currency_symbol": "\u20ac",
        "tz_name": "Europe/Riga",
        "tz_delta": 10800
    },
    "LY": {
        "ios3": "LBY",
        "phone_code": "218",
        "country_name": "Libya",
        "currency_code": "LYD",
        "currency_name": "Libyan Dinar",
        "currency_symbol": "LYD",
        "tz_name": "Africa/Tripoli",
        "tz_delta": 7200
    },
    "MA": {
        "ios3": "MAR",
        "phone_code": "212",
        "country_name": "Morocco",
        "currency_code": "MAD",
        "currency_name": "Moroccan Dirham",
        "currency_symbol": "MAD",
        "tz_name": "Africa/Casablanca",
        "tz_delta": 3600
    },
    "MC": {
        "ios3": "MCO",
        "phone_code": "377",
        "country_name": "Monaco",
        "currency_code": "EUR",
        "currency_name": "Euro",
        "currency_symbol": "\u20ac",
        "tz_name": "Europe/Monaco",
        "tz_delta": 7200
    },
    "MD": {
        "ios3": "MDA",
        "phone_code": "373",
        "country_name": "Moldova",
        "currency_code": "MDL",
        "currency_name": "Moldovan Leu",
        "currency_symbol": "MDL",
        "tz_name": "Europe/Chisinau",
        "tz_delta": 10800
    },
    "ME": {
        "ios3": "MNE",
        "phone_code": "382",
        "country_name": "Montenegro",
        "currency_code": "EUR",
        "currency_name": "Euro",
        "currency_symbol": "\u20ac",
        "tz_name": "Europe/Podgorica",
        "tz_delta": 7200
    },
    "MF": {
        "ios3": "MAF",
        "phone_code": "590",
        "country_name": "St. Martin",
        "currency_code": "EUR",
        "currency_name": "Euro",
        "currency_symbol": "\u20ac",
        "tz_name": "America/Marigot",
        "tz_delta": -14400
    },
    "MG": {
        "ios3": "MDG",
        "phone_code": "261",
        "country_name": "Madagascar",
        "currency_code": "MGA",
        "currency_name": "Malagasy Ariary",
        "currency_symbol": "MGA",
        "tz_name": "Indian/Antananarivo",
        "tz_delta": 10800
    },
    "MH": {
        "ios3": "MHL",
        "phone_code": "692",
        "country_name": "Marshall Islands",
        "currency_code": "USD",
        "currency_name": "US Dollar",
        "currency_symbol": "$",
        "tz_name": "Pacific/Majuro",
        "tz_delta": 43200
    },
    "MK": {
        "ios3": "MKD",
        "phone_code": "389",
        "country_name": "North Macedonia",
        "currency_code": "MKD",
        "currency_name": "Denar",
        "currency_symbol": "\u0434\u0435\u043d",
        "tz_name": "Europe/Skopje",
        "tz_delta": 7200
    },
    "ML": {
        "ios3": "MLI",
        "phone_code": "223",
        "country_name": "Mali",
        "currency_code": "XOF",
        "currency_name": "CFA Franc BCEAO",
        "currency_symbol": "XOF",
        "tz_name": "Africa/Bamako",
        "tz_delta": 0
    },
    "MM": {
        "ios3": "MMR",
        "phone_code": "95",
        "country_name": "Myanmar",
        "currency_code": "MMK",
        "currency_name": "Kyat",
        "currency_symbol": "MMK",
        "tz_name": "Asia/Yangon",
        "tz_delta": 23400
    },
    "MN": {
        "ios3": "MNG",
        "phone_code": "976",
        "country_name": "Mongolia",
        "currency_code": "MNT",
        "currency_name": "Tugrik",
        "currency_symbol": "\u20ae",
        "tz_name": "Asia/Ulaanbaatar",
        "tz_delta": 28800
    },
    "MO": {
        "ios3": "MAC",
        "phone_code": "853",
        "country_name": "Macau",
        "currency_code": "MOP",
        "currency_name": "Pataca",
        "currency_symbol": "MOP",
        "tz_name": "Asia/Macau",
        "tz_delta": 28800
    },
    "MP": {
        "ios3": "MNP",
        "phone_code": "1-670",
        "country_name": "Northern Mariana Islands",
        "currency_code": "USD",
        "currency_name": "US Dollar",
        "currency_symbol": "$",
        "tz_name": "Pacific/Saipan",
        "tz_delta": 36000
    },
    "MQ": {
        "ios3": "MTQ",
        "phone_code": "596",
        "country_name": "Martinique",
        "currency_code": "EUR",
        "currency_name": "Euro",
        "currency_symbol": "\u20ac",
        "tz_name": "America/Martinique",
        "tz_delta": -14400
    },
    "MR": {
        "ios3": "MRT",
        "phone_code": "222",
        "country_name": "Mauritania",
        "currency_code": "MRU",
        "currency_name": "Ouguiya",
        "tz_name": "Africa/Nouakchott",
        "tz_delta": 0
    },
    "MS": {
        "ios3": "MSR",
        "phone_code": "1-664",
        "country_name": "Montserrat",
        "currency_code": "XCD",
        "currency_name": "East Caribbean Dollar",
        "currency_symbol": "$",
        "tz_name": "America/Montserrat",
        "tz_delta": -14400
    },
    "MT": {
        "ios3": "MLT",
        "phone_code": "356",
        "country_name": "Malta",
        "currency_code": "EUR",
        "currency_name": "Euro",
        "currency_symbol": "\u20ac",
        "tz_name": "Europe/Malta",
        "tz_delta": 7200
    },
    "MU": {
        "ios3": "MUS",
        "phone_code": "230",
        "country_name": "Mauritius",
        "currency_code": "MUR",
        "currency_name": "Mauritius Rupee",
        "currency_symbol": "\u20a8",
        "tz_name": "Indian/Mauritius",
        "tz_delta": 14400
    },
    "MV": {
        "ios3": "MDV",
        "phone_code": "960",
        "country_name": "Maldives",
        "currency_code": "MVR",
        "currency_name": "Rufiyaa",
        "currency_symbol": "MVR",
        "tz_name": "Indian/Maldives",
        "tz_delta": 18000
    },
    "MW": {
        "ios3": "MWI",
        "phone_code": "265",
        "country_name": "Malawi",
        "currency_code": "MWK",
        "currency_name": "Kwacha",
        "currency_symbol": "MWK",
        "tz_name": "Africa/Blantyre",
        "tz_delta": 7200
    },
    "MX": {
        "ios3": "MEX",
        "phone_code": "52",
        "country_name": "Mexico",
        "currency_code": "MXV",
        "currency_name": "Mexican Unidad de Inversion (UDI)",
        "tz_name": "America/Mexico_City",
        "tz_delta": -21600
    },
    "MY": {
        "ios3": "MYS",
        "phone_code": "60",
        "country_name": "Malaysia",
        "currency_code": "MYR",
        "currency_name": "Malaysian Ringgit",
        "currency_symbol": "RM",
        "tz_name": "Asia/Kuala_Lumpur",
        "tz_delta": 28800
    },
    "MZ": {
        "ios3": "MOZ",
        "phone_code": "258",
        "country_name": "Mozambique",
        "currency_code": "MZN",
        "currency_name": "Mozambique Metical",
        "currency_symbol": "MT",
        "tz_name": "Africa/Maputo",
        "tz_delta": 7200
    },
    "NA": {
        "ios3": "NAM",
        "phone_code": "264",
        "country_name": "Namibia",
        "currency_code": "ZAR",
        "currency_name": "Rand",
        "currency_symbol": "R",
        "tz_name": "Africa/Windhoek",
        "tz_delta": 7200
    },
    "NC": {
        "ios3": "NCL",
        "phone_code": "687",
        "country_name": "New Caledonia",
        "currency_code": "XPF",
        "currency_name": "CFP Franc",
        "currency_symbol": "XPF",
        "tz_name": "Pacific/Noumea",
        "tz_delta": 39600
    },
    "NE": {
        "ios3": "NER",
        "phone_code": "227",
        "country_name": "Niger",
        "currency_code": "XOF",
        "currency_name": "CFA Franc BCEAO",
        "currency_symbol": "XOF",
        "tz_name": "Africa/Niamey",
        "tz_delta": 3600
    },
    "NF": {
        "ios3": "NFK",
        "phone_code": "672",
        "country_name": "Norfolk Island",
        "currency_code": "AUD",
        "currency_name": "Australian Dollar",
        "currency_symbol": "$",
        "tz_name": "Pacific/Norfolk",
        "tz_delta": 39600
    },
    "NG": {
        "ios3": "NGA",
        "phone_code": "234",
        "country_name": "Nigeria",
        "currency_code": "NGN",
        "currency_name": "Naira",
        "currency_symbol": "\u20a6",
        "tz_name": "Africa/Lagos",
        "tz_delta": 3600
    },
    "NI": {
        "ios3": "NIC",
        "phone_code": "505",
        "country_name": "Nicaragua",
        "currency_code": "NIO",
        "currency_name": "Cordoba Oro",
        "currency_symbol": "C$",
        "tz_name": "America/Managua",
        "tz_delta": -21600
    },
    "NL": {
        "ios3": "NLD",
        "phone_code": "31",
        "country_name": "Netherlands",
        "currency_code": "EUR",
        "currency_name": "Euro",
        "currency_symbol": "\u20ac",
        "tz_name": "Europe/Amsterdam",
        "tz_delta": 7200
    },
    "NO": {
        "ios3": "NOR",
        "phone_code": "47",
        "country_name": "Norway",
        "currency_code": "NOK",
        "currency_name": "Norwegian Krone",
        "currency_symbol": "kr",
        "tz_name": "Europe/Oslo",
        "tz_delta": 7200
    },
    "NP": {
        "ios3": "NPL",
        "phone_code": "977",
        "country_name": "Nepal",
        "currency_code": "NPR",
        "currency_name": "Nepalese Rupee",
        "currency_symbol": "\u20a8",
        "tz_name": "Asia/Kathmandu",
        "tz_delta": 20700
    },
    "NR": {
        "ios3": "NRU",
        "phone_code": "674",
        "country_name": "Nauru",
        "currency_code": "AUD",
        "currency_name": "Australian Dollar",
        "currency_symbol": "$",
        "tz_name": "Pacific/Nauru",
        "tz_delta": 43200
    },
    "NU": {
        "ios3": "NIU",
        "phone_code": "683",
        "country_name": "Niue",
        "currency_code": "NZD",
        "currency_name": "New Zealand Dollar",
        "currency_symbol": "$",
        "tz_name": "Pacific/Niue",
        "tz_delta": -39600
    },
    "NZ": {
        "ios3": "NZL",
        "phone_code": "64",
        "country_name": "New Zealand",
        "currency_code": "NZD",
        "currency_name": "New Zealand Dollar",
        "currency_symbol": "$",
        "tz_name": "Pacific/Auckland",
        "tz_delta": 43200
    },
    "OM": {
        "ios3": "OMN",
        "phone_code": "968",
        "country_name": "Oman",
        "currency_code": "OMR",
        "currency_name": "Rial Omani",
        "currency_symbol": "\ufdfc",
        "tz_name": "Asia/Muscat",
        "tz_delta": 14400
    },
    "PA": {
        "ios3": "PAN",
        "phone_code": "507",
        "country_name": "Panama",
        "currency_code": "USD",
        "currency_name": "US Dollar",
        "currency_symbol": "$",
        "tz_name": "America/Panama",
        "tz_delta": -18000
    },
    "PE": {
        "ios3": "PER",
        "phone_code": "51",
        "country_name": "Peru",
        "currency_code": "PEN",
        "currency_name": "Nuevo Sol",
        "currency_symbol": "S\\/.",
        "tz_name": "America/Lima",
        "tz_delta": -18000
    },
    "PF": {
        "ios3": "PYF",
        "phone_code": "689",
        "country_name": "French Polynesia",
        "currency_code": "XPF",
        "currency_name": "CFP Franc",
        "currency_symbol": "XPF",
        "tz_name": "Pacific/Tahiti",
        "tz_delta": -36000
    },
    "PG": {
        "ios3": "PNG",
        "phone_code": "675",
        "country_name": "Papua New Guinea",
        "currency_code": "PGK",
        "currency_name": "Kina",
        "currency_symbol": "PGK",
        "tz_name": "Pacific/Port_Moresby",
        "tz_delta": 36000
    },
    "PH": {
        "ios3": "PHL",
        "phone_code": "63",
        "country_name": "Philippines",
        "currency_code": "PHP",
        "currency_name": "Philippine Peso",
        "currency_symbol": "\u20b1",
        "tz_name": "Asia/Manila",
        "tz_delta": 28800
    },
    "PK": {
        "ios3": "PAK",
        "phone_code": "92",
        "country_name": "Pakistan",
        "currency_code": "PKR",
        "currency_name": "Pakistan Rupee",
        "currency_symbol": "\u20a8",
        "tz_name": "Asia/Karachi",
        "tz_delta": 18000
    },
    "PL": {
        "ios3": "POL",
        "phone_code": "48",
        "country_name": "Poland",
        "currency_code": "PLN",
        "currency_name": "Zloty",
        "currency_symbol": "z\u0142",
        "tz_name": "Europe/Warsaw",
        "tz_delta": 7200
    },
    "PM": {
        "ios3": "SPM",
        "phone_code": "508",
        "country_name": "St. Pierre & Miquelon",
        "currency_code": "EUR",
        "currency_name": "Euro",
        "currency_symbol": "\u20ac",
        "tz_name": "America/Miquelon",
        "tz_delta": -7200
    },
    "PN": {
        "ios3": "PCN",
        "phone_code": "870",
        "country_name": "Pitcairn Islands",
        "currency_code": "NZD",
        "currency_name": "New Zealand Dollar",
        "currency_symbol": "$",
        "tz_name": "Pacific/Pitcairn",
        "tz_delta": -28800
    },
    "PR": {
        "ios3": "PRI",
        "phone_code": "1",
        "country_name": "Puerto Rico",
        "currency_code": "USD",
        "currency_name": "US Dollar",
        "currency_symbol": "$",
        "tz_name": "America/Puerto_Rico",
        "tz_delta": -14400
    },
    "PS": {
        "ios3": "PSE",
        "phone_code": "970",
        "country_name": "Palestine",
        "currency_code": "",
        "currency_name": "No universal currency",
        "tz_name": "Asia/Gaza",
        "tz_delta": 10800
    },
    "PT": {
        "ios3": "PRT",
        "phone_code": "351",
        "country_name": "Portugal",
        "currency_code": "EUR",
        "currency_name": "Euro",
        "currency_symbol": "\u20ac",
        "tz_name": "Europe/Lisbon",
        "tz_delta": 3600
    },
    "PW": {
        "ios3": "PLW",
        "phone_code": "680",
        "country_name": "Palau",
        "currency_code": "USD",
        "currency_name": "US Dollar",
        "currency_symbol": "$",
        "tz_name": "Pacific/Palau",
        "tz_delta": 32400
    },
    "PY": {
        "ios3": "PRY",
        "phone_code": "595",
        "country_name": "Paraguay",
        "currency_code": "PYG",
        "currency_name": "Guarani",
        "currency_symbol": "Gs",
        "tz_name": "America/Asuncion",
        "tz_delta": -14400
    },
    "QA": {
        "ios3": "QAT",
        "phone_code": "974",
        "country_name": "Qatar",
        "currency_code": "QAR",
        "currency_name": "Qatari Rial",
        "currency_symbol": "\ufdfc",
        "tz_name": "Asia/Qatar",
        "tz_delta": 10800
    },
    "RE": {
        "ios3": "REU",
        "phone_code": "262",
        "country_name": "R\u00e9union",
        "currency_code": "EUR",
        "currency_name": "Euro",
        "currency_symbol": "\u20ac",
        "tz_name": "Indian/Reunion",
        "tz_delta": 14400
    },
    "RO": {
        "ios3": "ROU",
        "phone_code": "40",
        "country_name": "Romania",
        "currency_code": "RON",
        "currency_name": "Romanian Leu",
        "currency_symbol": "lei",
        "tz_name": "Europe/Bucharest",
        "tz_delta": 10800
    },
    "RS": {
        "ios3": "SRB",
        "phone_code": "381",
        "country_name": "Serbia",
        "currency_code": "RSD",
        "currency_name": "Serbian Dinar",
        "currency_symbol": "\u0414\u0438\u043d.",
        "tz_name": "Europe/Belgrade",
        "tz_delta": 7200
    },
    "RU": {
        "ios3": "RUS",
        "phone_code": "7",
        "country_name": "Russia",
        "currency_code": "RUB",
        "currency_name": "Russian Ruble",
        "currency_symbol": "\u20bd",
        "tz_name": "Europe/Kaliningrad",
        "tz_delta": 7200
    },
    "RW": {
        "ios3": "RWA",
        "phone_code": "250",
        "country_name": "Rwanda",
        "currency_code": "RWF",
        "currency_name": "Rwanda Franc",
        "currency_symbol": "RWF",
        "tz_name": "Africa/Kigali",
        "tz_delta": 7200
    },
    "SA": {
        "ios3": "SAU",
        "phone_code": "966",
        "country_name": "Saudi Arabia",
        "currency_code": "SAR",
        "currency_name": "Saudi Riyal",
        "currency_symbol": "\ufdfc",
        "tz_name": "Asia/Riyadh",
        "tz_delta": 10800
    },
    "SB": {
        "ios3": "SLB",
        "phone_code": "677",
        "country_name": "Solomon Islands",
        "currency_code": "SBD",
        "currency_name": "Solomon Islands Dollar",
        "currency_symbol": "$",
        "tz_name": "Pacific/Guadalcanal",
        "tz_delta": 39600
    },
    "SC": {
        "ios3": "SYC",
        "phone_code": "248",
        "country_name": "Seychelles",
        "currency_code": "SCR",
        "currency_name": "Seychelles Rupee",
        "currency_symbol": "\u20a8",
        "tz_name": "Indian/Mahe",
        "tz_delta": 14400
    },
    "SD": {
        "ios3": "SDN",
        "phone_code": "249",
        "country_name": "Sudan",
        "currency_code": "SDG",
        "currency_name": "Sudanese Pound",
        "currency_symbol": "SDG",
        "tz_name": "Africa/Khartoum",
        "tz_delta": 7200
    },
    "SE": {
        "ios3": "SWE",
        "phone_code": "46",
        "country_name": "Sweden",
        "currency_code": "SEK",
        "currency_name": "Swedish Krona",
        "currency_symbol": "kr",
        "tz_name": "Europe/Stockholm",
        "tz_delta": 7200
    },
    "SG": {
        "ios3": "SGP",
        "phone_code": "65",
        "country_name": "Singapore",
        "currency_code": "SGD",
        "currency_name": "Singapore Dollar",
        "currency_symbol": "$",
        "tz_name": "Asia/Singapore",
        "tz_delta": 28800
    },
    "SH": {
        "ios3": "SHN",
        "phone_code": "290",
        "country_name": "St. Helena",
        "currency_code": "SHP",
        "currency_name": "Saint Helena Pound",
        "currency_symbol": "\u00a3",
        "tz_name": "Atlantic/St_Helena",
        "tz_delta": 0
    },
    "SI": {
        "ios3": "SVN",
        "phone_code": "386",
        "country_name": "Slovenia",
        "currency_code": "EUR",
        "currency_name": "Euro",
        "currency_symbol": "\u20ac",
        "tz_name": "Europe/Ljubljana",
        "tz_delta": 7200
    },
    "SJ": {
        "ios3": "SJM",
        "phone_code": "47",
        "country_name": "Svalbard & Jan Mayen",
        "currency_code": "NOK",
        "currency_name": "Norwegian Krone",
        "currency_symbol": "kr",
        "tz_name": "Arctic/Longyearbyen",
        "tz_delta": 7200
    },
    "SK": {
        "ios3": "SVK",
        "phone_code": "421",
        "country_name": "Slovakia",
        "currency_code": "EUR",
        "currency_name": "Euro",
        "currency_symbol": "\u20ac",
        "tz_name": "Europe/Bratislava",
        "tz_delta": 7200
    },
    "SL": {
        "ios3": "SLE",
        "phone_code": "232",
        "country_name": "Sierra Leone",
        "currency_code": "SLE",
        "currency_name": "Leone",
        "tz_name": "Africa/Freetown",
        "tz_delta": 0
    },
    "SM": {
        "ios3": "SMR",
        "phone_code": "378",
        "country_name": "San Marino",
        "currency_code": "EUR",
        "currency_name": "Euro",
        "currency_symbol": "\u20ac",
        "tz_name": "Europe/San_Marino",
        "tz_delta": 7200
    },
    "SN": {
        "ios3": "SEN",
        "phone_code": "221",
        "country_name": "Senegal",
        "currency_code": "XOF",
        "currency_name": "CFA Franc BCEAO",
        "currency_symbol": "XOF",
        "tz_name": "Africa/Dakar",
        "tz_delta": 0
    },
    "SO": {
        "ios3": "SOM",
        "phone_code": "252",
        "country_name": "Somalia",
        "currency_code": "SOS",
        "currency_name": "Somali Shilling",
        "currency_symbol": "S",
        "tz_name": "Africa/Mogadishu",
        "tz_delta": 10800
    },
    "SR": {
        "ios3": "SUR",
        "phone_code": "597",
        "country_name": "Suriname",
        "currency_code": "SRD",
        "currency_name": "Surinam Dollar",
        "currency_symbol": "$",
        "tz_name": "America/Paramaribo",
        "tz_delta": -10800
    },
    "SS": {
        "ios3": "SSD",
        "phone_code": "211",
        "country_name": "South Sudan",
        "currency_code": "SSP",
        "currency_name": "South Sudanese Pound",
        "tz_name": "Africa/Juba",
        "tz_delta": 7200
    },
    "ST": {
        "ios3": "STP",
        "phone_code": "239",
        "country_name": "S\u00e3o Tom\u00e9 & Pr\u00edncipe",
        "currency_code": "STN",
        "currency_name": "Dobra",
        "tz_name": "Africa/Sao_Tome",
        "tz_delta": 0
    },
    "SV": {
        "ios3": "SLV",
        "phone_code": "503",
        "country_name": "El Salvador",
        "currency_code": "USD",
        "currency_name": "US Dollar",
        "currency_symbol": "$",
        "tz_name": "America/El_Salvador",
        "tz_delta": -21600
    },
    "SX": {
        "ios3": "SXM",
        "phone_code": "1-721",
        "country_name": "Sint Maarten",
        "currency_code": "ANG",
        "currency_name": "Netherlands Antillean Guilder",
        "currency_symbol": "\u0192",
        "tz_name": "America/Lower_Princes",
        "tz_delta": -14400
    },
    "SY": {
        "ios3": "SYR",
        "phone_code": "963",
        "country_name": "Syria",
        "currency_code": "SYP",
        "currency_name": "Syrian Pound",
        "currency_symbol": "\u00a3",
        "tz_name": "Asia/Damascus",
        "tz_delta": 10800
    },
    "SZ": {
        "ios3": "SWZ",
        "phone_code": "268",
        "country_name": "Eswatini",
        "currency_code": "SZL",
        "currency_name": "Lilangeni",
        "currency_symbol": "SZL",
        "tz_name": "Africa/Mbabane",
        "tz_delta": 7200
    },
    "TC": {
        "ios3": "TCA",
        "phone_code": "1-649",
        "country_name": "Turks & Caicos Islands",
        "currency_code": "USD",
        "currency_name": "US Dollar",
        "currency_symbol": "$",
        "tz_name": "America/Grand_Turk",
        "tz_delta": -14400
    },
    "TD": {
        "ios3": "TCD",
        "phone_code": "235",
        "country_name": "Chad",
        "currency_code": "XAF",
        "currency_name": "CFA Franc BEAC",
        "currency_symbol": "XAF",
        "tz_name": "Africa/Ndjamena",
        "tz_delta": 3600
    },
    "TF": {
        "ios3": "ATF",
        "phone_code": "262",
        "country_name": "French Southern Territories",
        "currency_code": "EUR",
        "currency_name": "Euro",
        "currency_symbol": "\u20ac",
        "tz_name": "Indian/Kerguelen",
        "tz_delta": 18000
    },
    "TG": {
        "ios3": "TGO",
        "phone_code": "228",
        "country_name": "Togo",
        "currency_code": "XOF",
        "currency_name": "CFA Franc BCEAO",
        "currency_symbol": "XOF",
        "tz_name": "Africa/Lome",
        "tz_delta": 0
    },
    "TH": {
        "ios3": "THA",
        "phone_code": "66",
        "country_name": "Thailand",
        "currency_code": "THB",
        "currency_name": "Baht",
        "currency_symbol": "\u0e3f",
        "tz_name": "Asia/Bangkok",
        "tz_delta": 25200
    },
    "TJ": {
        "ios3": "TJK",
        "phone_code": "992",
        "country_name": "Tajikistan",
        "currency_code": "TJS",
        "currency_name": "Somoni",
        "currency_symbol": "TJS",
        "tz_name": "Asia/Dushanbe",
        "tz_delta": 18000
    },
    "TK": {
        "ios3": "TKL",
        "phone_code": "690",
        "country_name": "Tokelau",
        "currency_code": "NZD",
        "currency_name": "New Zealand Dollar",
        "currency_symbol": "$",
        "tz_name": "Pacific/Fakaofo",
        "tz_delta": 46800
    },
    "TL": {
        "ios3": "TLS",
        "phone_code": "670",
        "country_name": "Timor-Leste",
        "currency_code": "USD",
        "currency_name": "US Dollar",
        "currency_symbol": "$",
        "tz_name": "Asia/Dili",
        "tz_delta": 32400
    },
    "TM": {
        "ios3": "TKM",
        "phone_code": "993",
        "country_name": "Turkmenistan",
        "currency_code": "TMT",
        "currency_name": "Turkmenistan New Manat",
        "currency_symbol": "TMT",
        "tz_name": "Asia/Ashgabat",
        "tz_delta": 18000
    },
    "TN": {
        "ios3": "TUN",
        "phone_code": "216",
        "country_name": "Tunisia",
        "currency_code": "TND",
        "currency_name": "Tunisian Dinar",
        "currency_symbol": "TND",
        "tz_name": "Africa/Tunis",
        "tz_delta": 3600
    },
    "TO": {
        "ios3": "TON",
        "phone_code": "676",
        "country_name": "Tonga",
        "currency_code": "TOP",
        "currency_name": "Pa'anga",
        "currency_symbol": "TOP",
        "tz_name": "Pacific/Tongatapu",
        "tz_delta": 46800
    },
    "TR": {
        "ios3": "TUR",
        "phone_code": "90",
        "country_name": "Turkey",
        "currency_code": "TRY",
        "currency_name": "Turkish Lira",
        "currency_symbol": "TRY",
        "tz_name": "Europe/Istanbul",
        "tz_delta": 10800
    },
    "TT": {
        "ios3": "TTO",
        "phone_code": "1-868",
        "country_name": "Trinidad & Tobago",
        "currency_code": "TTD",
        "currency_name": "Trinidad and Tobago Dollar",
        "currency_symbol": "TT$",
        "tz_name": "America/Port_of_Spain",
        "tz_delta": -14400
    },
    "TV": {
        "ios3": "TUV",
        "phone_code": "688",
        "country_name": "Tuvalu",
        "currency_code": "AUD",
        "currency_name": "Australian Dollar",
        "currency_symbol": "$",
        "tz_name": "Pacific/Funafuti",
        "tz_delta": 43200
    },
    "TW": {
        "ios3": "TWN",
        "phone_code": "886",
        "country_name": "Taiwan",
        "currency_code": "TWD",
        "currency_name": "New Taiwan Dollar",
        "currency_symbol": "NT$",
        "tz_name": "Asia/Taipei",
        "tz_delta": 28800
    },
    "TZ": {
        "ios3": "TZA",
        "phone_code": "255",
        "country_name": "Tanzania",
        "currency_code": "TZS",
        "currency_name": "Tanzanian Shilling",
        "currency_symbol": "TZS",
        "tz_name": "Africa/Dar_es_Salaam",
        "tz_delta": 10800
    },
    "UA": {
        "ios3": "UKR",
        "phone_code": "380",
        "country_name": "Ukraine",
        "currency_code": "UAH",
        "currency_name": "Hryvnia",
        "currency_symbol": "\u20b4",
        "tz_name": "Europe/Simferopol",
        "tz_delta": 10800
    },
    "UG": {
        "ios3": "UGA",
        "phone_code": "256",
        "country_name": "Uganda",
        "currency_code": "UGX",
        "currency_name": "Uganda Shilling",
        "currency_symbol": "UGX",
        "tz_name": "Africa/Kampala",
        "tz_delta": 10800
    },
    "UM": {
        "ios3": "UMI",
        "phone_code": null,
        "country_name": "U.S. Outlying Islands",
        "currency_code": "USD",
        "currency_name": "US Dollar",
        "currency_symbol": "$",
        "tz_name": "Pacific/Midway",
        "tz_delta": -39600
    },
    "US": {
        "ios3": "USA",
        "phone_code": "1",
        "country_name": "US",
        "currency_code": "USD",
        "currency_name": "US Dollar (Next day)",
        "tz_name": "America/New_York",
        "tz_delta": -14400
    },
    "UY": {
        "ios3": "URY",
        "phone_code": "598",
        "country_name": "Uruguay",
        "currency_code": "UYU",
        "currency_name": "Peso Uruguayo",
        "currency_symbol": "$U",
        "tz_name": "America/Montevideo",
        "tz_delta": -10800
    },
    "UZ": {
        "ios3": "UZB",
        "phone_code": "998",
        "country_name": "Uzbekistan",
        "currency_code": "UZS",
        "currency_name": "Uzbekistan Sum",
        "currency_symbol": "\u043b\u0432",
        "tz_name": "Asia/Samarkand",
        "tz_delta": 18000
    },
    "VA": {
        "ios3": "VAT",
        "phone_code": "39-06",
        "country_name": "Vatican City",
        "currency_code": "EUR",
        "currency_name": "Euro",
        "currency_symbol": "\u20ac",
        "tz_name": "Europe/Vatican",
        "tz_delta": 7200
    },
    "VC": {
        "ios3": "VCT",
        "phone_code": "1-784",
        "country_name": "St. Vincent & Grenadines",
        "currency_code": "XCD",
        "currency_name": "East Caribbean Dollar",
        "currency_symbol": "$",
        "tz_name": "America/St_Vincent",
        "tz_delta": -14400
    },
    "VE": {
        "ios3": "VEN",
        "phone_code": "58",
        "country_name": "Venezuela",
        "currency_code": "VED",
        "currency_name": "Bolivar",
        "tz_name": "America/Caracas",
        "tz_delta": -14400
    },
    "VG": {
        "ios3": "VGB",
        "phone_code": "1-284",
        "country_name": "British Virgin Islands",
        "currency_code": "USD",
        "currency_name": "US Dollar",
        "currency_symbol": "$",
        "tz_name": "America/Tortola",
        "tz_delta": -14400
    },
    "VI": {
        "ios3": "VIR",
        "phone_code": "1-340",
        "country_name": "U.S. Virgin Islands",
        "currency_code": "USD",
        "currency_name": "US Dollar",
        "currency_symbol": "$",
        "tz_name": "America/St_Thomas",
        "tz_delta": -14400
    },
    "VN": {
        "ios3": "VNM",
        "phone_code": "84",
        "country_name": "Vietnam",
        "currency_code": "VND",
        "currency_name": "Dong",
        "currency_symbol": "\u20ab",
        "tz_name": "Asia/Ho_Chi_Minh",
        "tz_delta": 25200
    },
    "VU": {
        "ios3": "VUT",
        "phone_code": "678",
        "country_name": "Vanuatu",
        "currency_code": "VUV",
        "currency_name": "Vatu",
        "currency_symbol": "VUV",
        "tz_name": "Pacific/Efate",
        "tz_delta": 39600
    },
    "WF": {
        "ios3": "WLF",
        "phone_code": "681",
        "country_name": "Wallis & Futuna",
        "currency_code": "XPF",
        "currency_name": "CFP Franc",
        "currency_symbol": "XPF",
        "tz_name": "Pacific/Wallis",
        "tz_delta": 43200
    },
    "WS": {
        "ios3": "WSM",
        "phone_code": "685",
        "country_name": "Samoa",
        "currency_code": "WST",
        "currency_name": "Tala",
        "currency_symbol": "WST",
        "tz_name": "Pacific/Apia",
        "tz_delta": 46800
    },
    "XK": {
        "ios3": "XKX",
        "phone_code": "383",
        "country_name": "Kosovo",
        "currency_code": "EUR",
        "currency_name": "Euro",
        "currency_symbol": "\u20ac",
        "tz_name": "Europe/Pristina",
        "tz_delta": 7200
    },
    "YE": {
        "ios3": "YEM",
        "phone_code": "967",
        "country_name": "Yemen",
        "currency_code": "YER",
        "currency_name": "Yemeni Rial",
        "currency_symbol": "\ufdfc",
        "tz_name": "Asia/Aden",
        "tz_delta": 10800
    },
    "YT": {
        "ios3": "MYT",
        "phone_code": "262",
        "country_name": "Mayotte",
        "currency_code": "EUR",
        "currency_name": "Euro",
        "currency_symbol": "\u20ac",
        "tz_name": "Indian/Mayotte",
        "tz_delta": 10800
    },
    "ZA": {
        "ios3": "ZAF",
        "phone_code": "27",
        "country_name": "South Africa",
        "currency_code": "ZAR",
        "currency_name": "Rand",
        "currency_symbol": "R",
        "tz_name": "Africa/Johannesburg",
        "tz_delta": 7200
    },
    "ZM": {
        "ios3": "ZMB",
        "phone_code": "260",
        "country_name": "Zambia",
        "currency_code": "ZMW",
        "currency_name": "Zambian Kwacha",
        "currency_symbol": "ZMW",
        "tz_name": "Africa/Lusaka",
        "tz_delta": 7200
    },
    "ZW": {
        "ios3": "ZWE",
        "phone_code": "263",
        "country_name": "Zimbabwe",
        "currency_code": "ZWL",
        "currency_name": "Zimbabwe Dollar",
        "tz_name": "Africa/Harare",
        "tz_delta": 7200
    }
}